{
  "project_info": {
    "project_number": "20424519673",
    "firebase_url": "https://homework4-5c0a7.firebaseio.com",
    "project_id": "homework4-5c0a7",
    "storage_bucket": "homework4-5c0a7.appspot.com"
  },
  "client": [
    {
      "client_info": {
        "mobilesdk_app_id": "1:20424519673:android:f68ec2045bad395cdd9728",
        "android_client_info": {
          "package_name": "com.example.cse438.cse438_assignment4"
        }
      },
      "oauth_client": [
        {
          "client_id": "20424519673-4h1b1vpf8t33lqmp6dm67161s9ceq5pr.apps.googleusercontent.com",
          "client_type": 3
        }
      ],
      "api_key": [
        {
          "current_key": "AIzaSyCrwDluX6dCu-x0ZmDI0wg_Gc6pktJmw9w"
        }
      ],
      "services": {
        "appinvite_service": {
          "other_platform_oauth_client": [
            {
              "client_id": "20424519673-4h1b1vpf8t33lqmp6dm67161s9ceq5pr.apps.googleusercontent.com",
              "client_type": 3
            }
          ]
        }
      }
    }
  ],
  "configuration_version": "1"
}